bird,method,n_labels,ARI,AMI,k,unassigned
Bird0,gap-PH,9,0.7508897793106849,0.8834897448547716,12,0.0
Bird0,HDBSCAN-UMAP,9,0.6839820221061272,0.8769549149415837,14,0.0
Bird0,HDBSCAN-PCA,9,0.6607408338992314,0.8594038289737407,7,0.02
Bird0,GMM-BIC,9,0.8047893647032477,0.9138940151335229,12,0.0
Bird1,gap-PH,12,0.9993701953690812,0.99837625178081,12,0.0
Bird1,HDBSCAN-UMAP,12,0.657119848481551,0.875822772561655,19,0.02666666666666667
Bird1,HDBSCAN-PCA,12,0.965237028479484,0.9618394142956551,11,0.014666666666666666
Bird1,GMM-BIC,12,0.9472712964272111,0.9640009172578051,12,0.0
Bird2,gap-PH,17,0.7738362708532247,0.9381940189389518,18,0.0
Bird2,HDBSCAN-UMAP,17,0.8154144833407351,0.9468927397144926,20,0.004
Bird2,HDBSCAN-PCA,17,0.7393362308527913,0.8932198995696716,16,0.082
Bird2,GMM-BIC,17,0.8032208718596987,0.9290010618376059,16,0.0
Bird3,gap-PH,9,0.9396486720740499,0.9601045678939372,8,0.0
Bird3,HDBSCAN-UMAP,9,0.841438957450603,0.910283351183315,11,0.007333333333333333
Bird3,HDBSCAN-PCA,9,0.9722672656332431,0.9437564863555554,9,0.034666666666666665
Bird3,GMM-BIC,9,0.8998112224334068,0.9345677085830864,9,0.0
Bird4,gap-PH,5,0.9138360287964766,0.9123385558030351,5,0.0
Bird4,HDBSCAN-UMAP,5,0.9140064175837771,0.9124541263237662,5,0.0
Bird4,HDBSCAN-PCA,5,0.9569160343322672,0.953070511458042,4,0.0006666666666666666
Bird4,GMM-BIC,5,0.6620070612411622,0.8171853741928979,7,0.0
Bird5,gap-PH,7,0.7689796209866959,0.8670098094367439,10,0.0
Bird5,HDBSCAN-UMAP,7,0.6446413978147837,0.8273741129616579,16,0.0013333333333333333
Bird5,HDBSCAN-PCA,7,0.8270818036342855,0.8829841574611859,11,0.03666666666666667
Bird5,GMM-BIC,7,0.7280724649201827,0.878443254060511,11,0.0
Bird6,gap-PH,5,0.9390308528431582,0.941959684735179,6,0.0
Bird6,HDBSCAN-UMAP,5,0.9322833143382117,0.9211368815387021,7,0.0033333333333333335
Bird6,HDBSCAN-PCA,5,0.9183756419229266,0.8953190648698313,6,0.051333333333333335
Bird6,GMM-BIC,5,0.6783887244649738,0.8158761044857293,8,0.0
Bird7,gap-PH,7,1.0,1.0,7,0.0
Bird7,HDBSCAN-UMAP,7,0.7682017523943729,0.901870673430871,9,0.0
Bird7,HDBSCAN-PCA,7,0.6922649798305717,0.8725772347533534,8,0.066
Bird7,GMM-BIC,7,0.5429608311179609,0.8283299584726291,9,0.0
Bird8,gap-PH,4,0.9462751422276459,0.9314502792465387,5,0.0
Bird8,HDBSCAN-UMAP,4,0.834341855990823,0.8019742616857162,8,0.012
Bird8,HDBSCAN-PCA,4,0.9995675975569422,0.9938076863522826,4,0.0
Bird8,GMM-BIC,4,0.5341103992173956,0.6788090318000507,9,0.0
Bird9,gap-PH,6,0.9706590884981087,0.9547899341353498,8,0.0
Bird9,HDBSCAN-UMAP,6,0.9647529204524821,0.9367462615462128,9,0.006666666666666667
Bird9,HDBSCAN-PCA,6,0.9060647243869727,0.9071772094739546,4,0.0
Bird9,GMM-BIC,6,0.5541351742664097,0.8184813604393057,10,0.0
Bird10,gap-PH,12,0.8297842449378906,0.9377476989322441,10,0.0
Bird10,HDBSCAN-UMAP,12,0.9044670696771339,0.9315185889036568,17,0.01
Bird10,HDBSCAN-PCA,12,0.8893258442644465,0.9337841704986667,11,0.017333333333333333
Bird10,GMM-BIC,12,0.9425543775036009,0.9543246921580056,13,0.0
