repertoire,rep,method,k,unassigned,ARI
discrete_tight,0,gap-PH,8,0.0,1.0
discrete_tight,0,HDBSCAN-UMAP,10,0.0,0.9392161649824152
discrete_tight,0,HDBSCAN-PCA,8,0.0,1.0
discrete_tight,0,GMM-BIC,9,0.0,0.9498201945270489
discrete_tight,1,gap-PH,8,0.0,1.0
discrete_tight,1,HDBSCAN-UMAP,8,0.0,1.0
discrete_tight,1,HDBSCAN-PCA,8,0.0,1.0
discrete_tight,1,GMM-BIC,8,0.0,1.0
discrete_tight,2,gap-PH,8,0.0,1.0
discrete_tight,2,HDBSCAN-UMAP,10,0.0,0.924933618844196
discrete_tight,2,HDBSCAN-PCA,8,0.0,1.0
discrete_tight,2,GMM-BIC,8,0.0,1.0
discrete_loose,0,gap-PH,5,0.0,0.4164978587602499
discrete_loose,0,HDBSCAN-UMAP,11,0.006666666666666667,0.7741261153986291
discrete_loose,0,HDBSCAN-PCA,9,0.06,0.888495210959003
discrete_loose,0,GMM-BIC,13,0.0,0.7930900529381811
discrete_loose,1,gap-PH,5,0.0,0.5853129158507184
discrete_loose,1,HDBSCAN-UMAP,8,0.0,0.985093182174897
discrete_loose,1,HDBSCAN-PCA,8,0.043333333333333335,0.9217569451079374
discrete_loose,1,GMM-BIC,13,0.0,0.7614917144124702
discrete_loose,2,gap-PH,6,0.0,0.46090508023302756
discrete_loose,2,HDBSCAN-UMAP,9,0.0,0.9631821189405438
discrete_loose,2,HDBSCAN-PCA,10,0.07833333333333334,0.8618217309801737
discrete_loose,2,GMM-BIC,13,0.0,0.8201364815071941
graded_1d,0,gap-PH,1,0.0,
graded_1d,0,HDBSCAN-UMAP,20,0.04666666666666667,
graded_1d,0,HDBSCAN-PCA,16,0.16666666666666666,
graded_1d,0,GMM-BIC,11,0.0,
graded_1d,1,gap-PH,1,0.0,
graded_1d,1,HDBSCAN-UMAP,17,0.06166666666666667,
graded_1d,1,HDBSCAN-PCA,9,0.08,
graded_1d,1,GMM-BIC,11,0.0,
graded_1d,2,gap-PH,1,0.0,
graded_1d,2,HDBSCAN-UMAP,23,0.09833333333333333,
graded_1d,2,HDBSCAN-PCA,11,0.08666666666666667,
graded_1d,2,GMM-BIC,10,0.0,
graded_1d_fixeddur,0,gap-PH,1,0.0,
graded_1d_fixeddur,0,HDBSCAN-UMAP,16,0.07166666666666667,
graded_1d_fixeddur,0,HDBSCAN-PCA,13,0.12666666666666668,
graded_1d_fixeddur,0,GMM-BIC,10,0.0,
graded_1d_fixeddur,1,gap-PH,1,0.0,
graded_1d_fixeddur,1,HDBSCAN-UMAP,20,0.03833333333333333,
graded_1d_fixeddur,1,HDBSCAN-PCA,8,0.07833333333333334,
graded_1d_fixeddur,1,GMM-BIC,12,0.0,
graded_1d_fixeddur,2,gap-PH,1,0.0,
graded_1d_fixeddur,2,HDBSCAN-UMAP,9,0.01,
graded_1d_fixeddur,2,HDBSCAN-PCA,13,0.18166666666666667,
graded_1d_fixeddur,2,GMM-BIC,11,0.0,
graded_uniform,0,gap-PH,1,0.0,
graded_uniform,0,HDBSCAN-UMAP,18,0.32666666666666666,
graded_uniform,0,HDBSCAN-PCA,8,0.56,
graded_uniform,0,GMM-BIC,9,0.0,
graded_uniform,1,gap-PH,1,0.0,
graded_uniform,1,HDBSCAN-UMAP,3,0.0,
graded_uniform,1,HDBSCAN-PCA,8,0.5616666666666666,
graded_uniform,1,GMM-BIC,12,0.0,
graded_uniform,2,gap-PH,1,0.0,
graded_uniform,2,HDBSCAN-UMAP,11,0.12333333333333334,
graded_uniform,2,HDBSCAN-PCA,7,0.5416666666666666,
graded_uniform,2,GMM-BIC,11,0.0,
graded_gauss,0,gap-PH,1,0.0,
graded_gauss,0,HDBSCAN-UMAP,16,0.21833333333333332,
graded_gauss,0,HDBSCAN-PCA,8,0.6483333333333333,
graded_gauss,0,GMM-BIC,11,0.0,
graded_gauss,1,gap-PH,1,0.0,
graded_gauss,1,HDBSCAN-UMAP,17,0.23166666666666666,
graded_gauss,1,HDBSCAN-PCA,4,0.4716666666666667,
graded_gauss,1,GMM-BIC,10,0.0,
graded_gauss,2,gap-PH,1,0.0,
graded_gauss,2,HDBSCAN-UMAP,15,0.17666666666666667,
graded_gauss,2,HDBSCAN-PCA,7,0.625,
graded_gauss,2,GMM-BIC,11,0.0,
