bird,n,n_labels,d_hat,max_gap,thr,p,n_types,ari,hopkins_umap
Bird0,1500,9,4.935366871013864,3.392262376035318,0.9265340327632758,0.004975124378109453,11,0.7429769864998984,0.00026458777114466277
Bird1,1500,12,5.082833071133068,4.926142270710365,0.9354921633671947,0.004975124378109453,12,0.9904200723259852,0.00023766612205817898
Bird2,1500,17,4.538709642755031,3.5259894174642947,0.9265340327632758,0.004975124378109453,15,0.7807858467030749,0.0002298252181124802
Bird3,1500,9,4.997781621797019,2.9697573431431374,0.9265340327632758,0.004975124378109453,10,0.9091498092084751,0.00028775587893528225
Bird4,1500,5,5.1977979836914985,3.9882744945542905,0.9354921633671947,0.004975124378109453,4,0.9490373250069236,0.00040381069142026647
Bird5,1500,7,4.982857740994169,5.3053451092000135,0.9265340327632758,0.004975124378109453,11,0.8463552566321311,0.00021869661067753726
Bird6,1500,5,5.678975325918477,3.307111974877794,0.9354921633671947,0.004975124378109453,5,0.9943212709287278,0.0002712694157878293
Bird7,1500,7,5.25756541899762,4.86315434460284,0.9354921633671947,0.004975124378109453,7,0.9991810226955992,0.00037101437535058104
Bird8,1500,4,4.809985194948815,3.6910194539835275,0.9265340327632758,0.004975124378109453,5,0.9126397431593654,0.00040017692095750175
Bird9,1500,6,4.7850517264193435,6.169655503085037,0.9265340327632758,0.004975124378109453,6,0.9511313643999725,0.0003057083497569799
Bird10,1500,12,4.567981304619637,6.174667131588372,0.9265340327632758,0.004975124378109453,11,0.9294750436824393,0.0003544238742912271
