bird,label,groups,var,n,chi2,dof,p,V,p_bonf
Bird0,0,"[3, 5, 8]",run_pos,369,186.65752040816326,6,1.3065965389179097e-37,0.5029149723241049,5.095726501779848e-36
Bird0,0,"[3, 5, 8]",prev,365,415.5437078323324,10,4.617076427362774e-83,0.754478598725439,1.8006598066714818e-81
Bird0,0,"[3, 5, 8]",pos_bin,369,14.930723122135143,4,0.004847079918941667,0.14223688742311033,0.18903611683872504
Bird0,0,"[3, 5, 8]",recording,369,9.886623146409988,6,0.1295084805334004,0.11574328632136216,1.0
Bird0,6,"[10, 11]",run_pos,166,139.58683109683932,1,3.2776694604824816e-32,0.9169975598003274,1.2782910895881678e-30
Bird0,6,"[10, 11]",prev,166,152.98434547908232,2,6.023812847822231e-34,0.9599960638695735,2.3492870106506702e-32
Bird0,6,"[10, 11]",pos_bin,166,2.4121920964026224,2,0.29936370258372785,0.12054574936169431,1.0
Bird0,6,"[10, 11]",recording,166,5.398906458397455,3,0.1448117259688336,0.18034282043350766,1.0
Bird2,1,"[15, 17]",run_pos,74,57.46867924528302,2,3.3176827961570293e-13,0.8812512545153657,1.2938962905012414e-11
Bird2,1,"[15, 17]",prev,75,60.84342780771352,3,3.8818087709995477e-13,0.9006917919592955,1.5139054206898236e-11
Bird2,1,"[15, 17]",pos_bin,75,0.47726508185691846,2,0.7877042782816016,0.07977176458345968,1.0
Bird2,1,"[15, 17]",recording,75,1.086220903363347,3,0.7804014106215823,0.12034510949007425,1.0
Bird4,0,"[1, 3]",run_pos,348,85.34071364082823,3,2.192906262960806e-18,0.49520898189502416,8.552334425547143e-17
Bird4,0,"[1, 3]",prev,342,73.29450015575439,2,1.214231552991625e-16,0.46293779707882365,4.735503056667337e-15
Bird4,0,"[1, 3]",pos_bin,348,11.678429243390879,2,0.002911128065052,0.18319035106246065,0.113533994537028
Bird4,0,"[1, 3]",recording,348,15.399813252792907,3,0.0015049792559543584,0.21036239429449588,0.05869419098221998
Bird5,1,"[6, 8]",prev,117,1.051684607661907,1,0.30511942539979386,0.09480905721735476,1.0
Bird5,1,"[6, 8]",pos_bin,117,13.752455053097567,2,0.0010320300165424694,0.342844499563834,0.040249170645156304
Bird5,1,"[6, 8]",recording,117,5.63039504716981,3,0.13104426130902896,0.21936963005665794,1.0
Bird5,2,"[1, 9]",run_pos,379,25.119165573199794,2,3.511094356507116e-06,0.25744413320851245,0.00013693267990377752
Bird5,2,"[1, 9]",prev,379,379.0,4,9.573939072350545e-81,1.0,3.7338362382167126e-79
Bird5,2,"[1, 9]",pos_bin,379,7.093116783907318,2,0.02882366891740882,0.13680404860527715,1.0
Bird5,2,"[1, 9]",recording,379,1.3542435223199836,3,0.7162944606577212,0.05977626540574007,1.0
Bird6,0,"[1, 4]",run_pos,333,30.199626791625995,3,1.2528569313717169e-06,0.30114709021477,4.886142032349696e-05
Bird6,0,"[1, 4]",prev,333,51.449137725338666,3,3.92462953616007e-11,0.39306731623362823,1.5306055191024272e-09
Bird6,0,"[1, 4]",pos_bin,333,22.452555313776458,2,1.331955027063023e-05,0.25966341874118837,0.000519462460554579
Bird6,0,"[1, 4]",recording,333,3.4803270816203007,3,0.3233226101045809,0.10223224871604088,1.0
Bird8,0,"[1, 4]",run_pos,543,87.22537691105958,3,8.637888997861297e-19,0.40079427795716305,3.368776709165906e-17
Bird8,0,"[1, 4]",prev,541,313.34754576449564,3,1.284628632107892e-67,0.7610523235107189,5.010051665220778e-66
Bird8,0,"[1, 4]",pos_bin,543,31.468032536064516,2,1.4682619919890247e-07,0.24073258562730468,5.726221768757196e-06
Bird8,0,"[1, 4]",recording,543,17.894170915490722,3,0.0004625167988624932,0.18153312162203145,0.018038155155637236
Bird9,0,"[3, 6]",run_pos,199,47.5894057553125,3,2.604001610276406e-10,0.489022231078514,1.0155606280077982e-08
Bird9,0,"[3, 6]",prev,194,14.982195296203589,1,0.00010853036461729583,0.2778989219215741,0.004232684220074537
Bird9,0,"[3, 6]",pos_bin,199,48.39459355986644,2,3.0991852147769345e-11,0.4931418785310551,1.2086822337630045e-09
Bird9,0,"[3, 6]",recording,199,1.529848375644205,3,0.6753986719215159,0.0876794176510036,1.0
Bird9,1,"[1, 5]",run_pos,128,43.17801559064717,1,4.9979108639123104e-11,0.5807996615029412,1.949185236925801e-09
Bird9,1,"[1, 5]",prev,125,86.09717577108881,3,1.5087924416953113e-18,0.8299261450085246,5.884290522611714e-17
Bird9,1,"[1, 5]",pos_bin,128,11.097798744252584,2,0.003891738242737544,0.2944512738798617,0.15177779146676423
Bird9,1,"[1, 5]",recording,128,6.209883804335048,3,0.10183364178220622,0.22026056665088184,1.0
