repertoire,rep,d_hat,max_gap,thr,p_gap,n_types,n_types_1d,hopkins_umap
discrete_tight,0,2.374391489706255,16.0642105837421,1.1479334659050324,0.004975124378109453,8,8,0.000549122485771894
discrete_tight,1,2.7066505886168826,21.51750125336549,1.1479334659050324,0.004975124378109453,8,8,0.0005556215120170644
discrete_tight,2,2.5082923633953693,20.985700072596043,1.1479334659050324,0.004975124378109453,8,8,0.0005597824839683418
discrete_tight,3,2.5620514091304276,21.21610383465871,1.1479334659050324,0.004975124378109453,8,8,0.0004638181141092137
discrete_tight,4,2.601177448946142,19.733717600513582,1.1479334659050324,0.004975124378109453,8,8,0.0005613739284391544
discrete_loose,0,2.0599720157552643,1.9632464175106137,1.1479334659050324,0.004975124378109453,8,1,0.0004988747450994571
discrete_loose,1,2.172012497233134,1.8601675986111248,1.1479334659050324,0.004975124378109453,8,1,0.000529361112110645
discrete_loose,2,2.1837547791515393,2.5194992845360793,1.1479334659050324,0.004975124378109453,9,1,0.0004952899201408694
discrete_loose,3,2.161517178677034,2.0327657869931945,1.1479334659050324,0.004975124378109453,7,1,0.0009190577085197955
discrete_loose,4,2.1722146115957606,1.8782711422674765,1.1479334659050324,0.004975124378109453,7,1,0.0007066282071996673
graded_1d,0,1.5509582530087875,0.9748946653054087,4.3988482064219365,0.9950248756218906,1,1,0.00038251552874023784
graded_1d,1,1.576413642757362,1.0777333024970057,4.3988482064219365,0.9850746268656716,1,1,0.0004586602131445679
graded_1d,2,1.6105622767709946,1.1580252045640345,4.3988482064219365,0.9751243781094527,1,1,0.0004439135985309183
graded_1d,3,1.5733319629961864,1.130333020642923,4.3988482064219365,0.9850746268656716,1,1,0.0002477638754139048
graded_1d,4,1.594793116157017,0.9884331414662076,4.3988482064219365,0.9950248756218906,1,1,0.0003158878321004095
graded_1d_fixeddur,0,1.6004523046715615,1.2579816423987993,4.3988482064219365,0.9552238805970149,1,1,0.00042647187562392687
graded_1d_fixeddur,1,1.4931504760582595,1.2985717444904454,4.3988482064219365,0.9502487562189055,1,1,0.0003162053270590625
graded_1d_fixeddur,2,1.6124994420322702,1.3601315900101862,4.3988482064219365,0.9154228855721394,1,1,0.0003672080733556439
graded_1d_fixeddur,3,1.5417724765111667,0.9051720912397979,4.3988482064219365,1.0,1,1,0.0003576992638095643
graded_1d_fixeddur,4,1.5464902711677633,1.2202117044990008,4.3988482064219365,0.9552238805970149,1,1,0.0003421552176322501
graded_uniform,0,3.012370757333818,0.7344725018371461,0.860960314035089,0.43283582089552236,1,1,0.2027200716086385
graded_uniform,1,3.045596272932265,0.7537457861740234,0.860960314035089,0.3333333333333333,1,1,0.11216070096084355
graded_uniform,2,3.0144889242612716,0.7543290336016146,0.860960314035089,0.3283582089552239,1,1,0.1527438673977958
graded_uniform,3,2.965159594584114,0.7515823195823782,1.1479334659050324,0.7910447761194029,1,1,0.2479007048205007
graded_uniform,4,3.0525719020311466,0.7315741269226292,0.860960314035089,0.4427860696517413,1,1,0.15610538769025112
graded_gauss,0,3.1641682796044526,0.6547420521845695,0.860960314035089,0.9104477611940298,1,1,0.048054554974952896
graded_gauss,1,3.2103415544538842,0.7650607363407862,0.860960314035089,0.2835820895522388,1,1,0.26651023958394954
graded_gauss,2,3.2467027280503777,0.6934864071278355,0.860960314035089,0.6766169154228856,1,1,0.101394062518389
graded_gauss,3,3.204693412708746,0.7843985854182711,0.860960314035089,0.21393034825870647,1,1,0.137024491012308
graded_gauss,4,3.2170605273305335,0.6826531702610215,0.860960314035089,0.746268656716418,1,1,0.25831863990948845
