repertoire,rep,d_hat,max_gap,thr,p,n_types
discrete_tight,0,2.374391489706255,19.330621966242845,0.8572426890992981,0.004975124378109453,10
discrete_tight,1,2.7066505886168826,16.873532740607487,0.8572426890992981,0.004975124378109453,8
discrete_tight,2,2.5082923633953693,19.112995852639845,0.8572426890992981,0.004975124378109453,9
discrete_tight,3,2.5620514091304276,21.105423029760082,0.8572426890992981,0.004975124378109453,8
discrete_tight,4,2.601177448946142,21.1624979165579,0.8572426890992981,0.004975124378109453,8
discrete_loose,0,2.0599720157552643,1.6751290165910782,0.8572426890992981,0.004975124378109453,6
discrete_loose,1,2.172012497233134,1.2958596703776937,0.8572426890992981,0.004975124378109453,7
discrete_loose,2,2.1837547791515393,2.1074357659075065,0.8572426890992981,0.004975124378109453,9
discrete_loose,3,2.161517178677034,1.593626242095935,0.8572426890992981,0.004975124378109453,7
discrete_loose,4,2.1722146115957606,1.4048016362313007,0.8572426890992981,0.004975124378109453,6
graded_1d,0,1.5509582530087875,0.678207860701317,1.304047537951273,0.9402985074626866,1
graded_1d,1,1.576413642757362,0.8519799229095163,1.304047537951273,0.5472636815920398,1
graded_1d,2,1.6105622767709946,0.9039570118787305,1.304047537951273,0.40298507462686567,1
graded_1d,3,1.5733319629961864,1.5571255950598262,1.304047537951273,0.01990049751243781,2
graded_1d,4,1.594793116157017,0.8462139875880041,1.304047537951273,0.572139303482587,1
graded_1d_fixeddur,0,1.6004523046715615,0.9756257089017479,1.304047537951273,0.2537313432835821,1
graded_1d_fixeddur,1,1.4931504760582595,0.8559205453871443,1.304047537951273,0.5323383084577115,1
graded_1d_fixeddur,2,1.6124994420322702,0.8375532440766164,1.304047537951273,0.5870646766169154,1
graded_1d_fixeddur,3,1.5417724765111667,0.8037580403018467,1.304047537951273,0.6766169154228856,1
graded_1d_fixeddur,4,1.5464902711677633,0.8272881118754862,1.304047537951273,0.6268656716417911,1
graded_uniform,0,3.012370757333818,0.6590940039108398,0.8953661034806086,0.9950248756218906,1
graded_uniform,1,3.045596272932265,0.7417954777805923,0.8953661034806086,0.572139303482587,1
graded_uniform,2,3.0144889242612716,0.6684454186807509,0.8953661034806086,0.9900497512437811,1
graded_uniform,3,2.965159594584114,0.7209949757176299,0.8572426890992981,0.4626865671641791,1
graded_uniform,4,3.0525719020311466,0.6997152983689993,0.8953661034806086,0.8557213930348259,1
graded_gauss,0,3.1641682796044526,0.7343398573609694,0.8953661034806086,0.6169154228855721,1
graded_gauss,1,3.2103415544538842,0.813711194537617,0.8953661034806086,0.19900497512437812,1
graded_gauss,2,3.2467027280503777,0.6807778265018464,0.8953661034806086,0.9701492537313433,1
graded_gauss,3,3.204693412708746,0.7725329192904397,0.8953661034806086,0.373134328358209,1
graded_gauss,4,3.2170605273305335,0.7285339085312791,0.8953661034806086,0.6567164179104478,1
