repertoire,rep,hopkins_umap,p_ph,n_types_ph,p_silverman,s_obs,s_null95,h_crit,d_hat
discrete_tight,0,0.000545390649792032,0.009900990099009901,11,0.0,8.821859502901992,0.5807668045450703,1.6121374470575263,2.788273502012292
discrete_tight,1,0.0005160579780698496,0.009900990099009901,9,0.0,8.529533765752069,0.5641815663308245,1.6409392218049983,2.741332366496758
discrete_tight,2,0.0004687898974381705,0.009900990099009901,8,0.0,7.5311974839041325,0.5394476664797009,1.6289909349375336,2.4986521146327716
discrete_tight,3,0.0005074167292120945,0.009900990099009901,9,0.0,7.308514487142187,0.5220363064446233,1.6175842502687527,2.59341666962655
discrete_tight,4,0.0005156599434848159,0.009900990099009901,9,0.0,8.403766919682058,0.5816792000416536,1.6599590654335323,2.6046813393583226
discrete_loose,0,0.0006729049307856542,0.009900990099009901,10,0.0,4.610414755190584,0.5087220627696872,1.4751216844275081,2.189646702593877
discrete_loose,1,0.0005979010508647762,0.009900990099009901,11,0.0,3.9487472733090385,0.4639385439271624,1.5330329169770158,2.2415640723663848
discrete_loose,2,0.0007967406909826153,0.009900990099009901,11,0.0,3.93860647327434,0.502136361840894,1.46479243854807,2.272601792142504
discrete_loose,3,0.00048138121672878706,0.009900990099009901,9,0.0,4.451605959625713,0.5054056818153225,1.4863590975678924,2.251116058245809
discrete_loose,4,0.00048157408873654163,0.009900990099009901,8,0.0,3.5797439069478374,0.4563724746222387,1.5222981592225238,2.1222244240205863
graded_1d,0,0.0004343688799678069,0.009900990099009901,9,0.0,2.01793165513717,0.606018178047483,1.6404780558835046,1.5902667074264036
graded_1d,1,0.0004179712889286316,0.009900990099009901,7,0.0,1.3903863601721174,0.5791965524729868,1.604452523570241,1.499578804347987
graded_1d,2,0.0003921597275441793,0.009900990099009901,8,0.0,1.8622728425398045,0.5825495705547781,1.6483355325971076,1.552269469644791
graded_1d,3,0.00038842648758495216,0.009900990099009901,8,0.0,2.4490980392478665,0.5871708547659119,1.6427851822702935,1.5978910793996248
graded_1d,4,0.0004912431119851455,0.009900990099009901,12,0.0,2.243464558989959,0.6014750028220974,1.630823454280274,1.6025660619871394
graded_uniform,0,0.07084099984102629,0.009900990099009901,2,0.0,2.2035597777005487,0.5308850862280545,1.2542764753530882,3.067185658101787
graded_uniform,1,0.07389753188759837,0.009900990099009901,4,0.0,2.1003356467529355,0.5965827041200598,1.2507559391606955,3.053450312042692
graded_uniform,2,0.1292979758630337,0.009900990099009901,4,0.0,1.597977906677004,0.5116992618463376,1.2346883189255928,3.1472126255756323
graded_uniform,3,0.13044228668363594,0.009900990099009901,4,0.0,1.8106473750871814,0.558513380527506,1.2440941210948957,3.0124232092400307
graded_uniform,4,0.022159182190960948,0.0297029702970297,2,0.0,0.8278680440895902,0.5919396886033613,1.260992817421855,3.083839063457297
graded_gauss,0,0.15414450440338587,0.0297029702970297,4,0.0,0.8659557870849439,0.6993653660476701,1.361180559547811,3.1684033311388826
graded_gauss,1,0.19777693045530154,0.009900990099009901,2,0.0,0.9088307132459181,0.6342402220829525,1.3546919264156931,3.150930555439885
graded_gauss,2,0.14790177064960786,0.009900990099009901,3,0.0,0.9946907811969546,0.6003835942933611,1.356978492725881,3.1158409799546645
graded_gauss,3,0.18965389002057204,0.009900990099009901,2,0.0,1.1653623057084326,0.7333403516933967,1.3324115665285312,3.2615879494277675
graded_gauss,4,0.13914649066513657,0.009900990099009901,3,0.0,1.0806137344876714,0.6548781229896299,1.3535500885270837,3.240767872909522
